{"info":{"_postman_id":"4dc56243-ca97-451f-ae34-928b87611679","name":"User","schema":"https://schema.getpostman.com/json/collection/v2.1.0/collection.json"},"item":[{"name":"GET","item":[{"name":"Find user by user name","id":"7e216e60-3ff1-4d4f-b226-c3c19446d06b","protocolProfileBehavior":{"disableBodyPruning":true},"request":{"method":"GET","header":[],"url":{"raw":"{{url}}/user/doctorzhivago","host":["{{url}}"],"path":["user","doctorzhivago"]}},"response":[]},{"name":"Logs user","id":"49fb0364-0725-4536-95a5-8f4e04f1649e","protocolProfileBehavior":{"disableBodyPruning":true},"request":{"method":"GET","header":[],"url":{"raw":"{{url}}/user/login?username=doctorzhivago&password=12","host":["{{url}}"],"path":["user","login"],"query":[{"key":"username","value":"doctorzhivago","type":"text"},{"key":"password","value":"12","type":"text"}]}},"response":[]},{"name":"Logs out user","id":"8b4335a3-7be1-4702-ba4a-8a528580e348","protocolProfileBehavior":{"disableBodyPruning":true},"request":{"method":"GET","header":[],"url":{"raw":"{{url}}/user/logout","host":["{{url}}"],"path":["user","logout"]}},"response":[]}],"id":"2b4443cc-fe75-4fc8-843e-7c615e23089b"},{"name":"POST","item":[{"name":"Create user","id":"1881bbe7-f069-419b-967d-1a14e9216d50","protocolProfileBehavior":{"disableBodyPruning":true},"request":{"method":"POST","header":[],"body":{"mode":"raw","raw":"{\r\n  \"id\": 666,\r\n  \"username\": \"doctorzhivago\",\r\n  \"firstName\": \"doctor\",\r\n  \"lastName\": \"zhivago\",\r\n  \"email\": \"doctorzhivago@mail.ru\",\r\n  \"password\": \"12\",\r\n  \"phone\": \"+989752\",\r\n  \"userStatus\": 0\r\n}","options":{"raw":{"language":"json"}}},"url":{"raw":"{{url}}/user","host":["{{url}}"],"path":["user"]}},"response":[]},{"name":"Creates list of users","id":"1eab130e-e76a-4b4d-8603-4e875db5c8bb","protocolProfileBehavior":{"disableBodyPruning":true},"request":{"method":"POST","header":[],"body":{"mode":"raw","raw":"[\r\n {\r\n  \"id\": 665,\r\n  \"username\": \"doctorzhivago9\",\r\n  \"firstName\": \"doctor9\",\r\n  \"lastName\": \"zhivago9\",\r\n  \"email\": \"doctorzhivago9@mail.ru\",\r\n  \"password\": \"12\",\r\n  \"phone\": \"+9897592\",\r\n  \"userStatus\": 0\r\n },\r\n {\r\n  \"id\": 667,\r\n  \"username\": \"doctorzhivago2\",\r\n  \"firstName\": \"doctor2\",\r\n  \"lastName\": \"zhivago2\",\r\n  \"email\": \"doctorzhivago2@mail.ru\",\r\n  \"password\": \"12\",\r\n  \"phone\": \"+9897526\",\r\n  \"userStatus\": 0\r\n },\r\n {\r\n  \"id\": 668,\r\n  \"username\": \"doctorzhivago3\",\r\n  \"firstName\": \"doctor3\",\r\n  \"lastName\": \"zhivago3\",\r\n  \"email\": \"doctorzhivago3@mail.ru\",\r\n  \"password\": \"12\",\r\n  \"phone\": \"+98975275\",\r\n  \"userStatus\": 0\r\n },\r\n {\r\n  \"id\": 669,\r\n  \"username\": \"doctorzhivago4\",\r\n  \"firstName\": \"doctor4\",\r\n  \"lastName\": \"zhivago4\",\r\n  \"email\": \"doctorzhivago4@mail.ru\",\r\n  \"password\": \"12\",\r\n  \"phone\": \"+9897545542\",\r\n  \"userStatus\": 0\r\n },\r\n {\r\n  \"id\": 664,\r\n  \"username\": \"doctorzhivago5\",\r\n  \"firstName\": \"doctor5\",\r\n  \"lastName\": \"zhivago5\",\r\n  \"email\": \"doctorzhivago5@mail.ru\",\r\n  \"password\": \"12\",\r\n  \"phone\": \"+9897554542\",\r\n  \"userStatus\": 0\r\n }\r\n\r\n\r\n] ","options":{"raw":{"language":"json"}}},"url":{"raw":"{{url}}/user/createWithArray","host":["{{url}}"],"path":["user","createWithArray"]}},"response":[]}],"id":"547e79d6-d955-4878-8147-5cf30017ddd1"},{"name":"PUT","item":[{"name":"Updated user","id":"387c0734-34a1-4a47-9c55-ae250e19c202","protocolProfileBehavior":{"disableBodyPruning":true},"request":{"method":"PUT","header":[],"body":{"mode":"raw","raw":"{\r\n  \"id\": 666,\r\n  \"username\": \"doctorzhivago\",\r\n  \"firstName\": \"doctor\",\r\n  \"lastName\": \"dik\",\r\n  \"email\": \"doctordik@mail.ru\",\r\n  \"password\": \"12\",\r\n  \"phone\": \"+989752\",\r\n  \"userStatus\": 0\r\n}","options":{"raw":{"language":"json"}}},"url":{"raw":"{{url}}/user/doctorzhivago","host":["{{url}}"],"path":["user","doctorzhivago"]}},"response":[]}],"id":"f964a12e-c9fb-443d-b8f9-b005ca13e470"},{"name":"DELETE","item":[{"name":"Delete user","id":"5a77f306-54d3-4e5d-8304-4f5ea55a9fc5","protocolProfileBehavior":{"disableBodyPruning":true},"request":{"method":"DELETE","header":[],"url":{"raw":"{{url}}/user/doctorzhivago","host":["{{url}}"],"path":["user","doctorzhivago"]}},"response":[]}],"id":"5f9b21b1-a457-4881-81d8-450a11b2b41d"}],"event":[{"listen":"prerequest","script":{"id":"42a94a93-cff8-4ab7-91e7-e0e72bb00ea6","type":"text/javascript","exec":[""]}},{"listen":"test","script":{"id":"20369d3d-5b29-4584-855f-5fe75be9840b","type":"text/javascript","exec":[""]}}],"variable":[{"id":"e82443aa-d706-42c5-a195-e1f2dfa85d12","key":"url","value":"","type":"string"}]}