{"info":{"_postman_id":"99403608-413c-4a86-9328-7865a5e98031","name":"Store","schema":"https://schema.getpostman.com/json/collection/v2.1.0/collection.json"},"item":[{"name":"GET","item":[{"name":"Find purchase order by ID","id":"10d4b4be-cbbd-4454-a06b-0a5ec4ba4d91","protocolProfileBehavior":{"disableBodyPruning":true},"request":{"method":"GET","header":[],"url":{"raw":"{{url}}/store/order/9937","host":["{{url}}"],"path":["store","order","9937"]}},"response":[]}],"id":"bf9d7ed3-09dc-44fe-a5a1-2df3926d73b5"},{"name":"POST","item":[{"name":"Place an order for a pet","id":"fc88eab0-9a14-4acf-bbae-d68c012102b4","protocolProfileBehavior":{"disableBodyPruning":true},"request":{"method":"POST","header":[],"body":{"mode":"raw","raw":"{\r\n  \"id\": 9937,\r\n  \"petId\": 0,\r\n  \"quantity\": 0,\r\n  \"shipDate\": \"2023-01-30T15:36:08.685Z\",\r\n  \"status\": \"placed\",\r\n  \"complete\": true\r\n}","options":{"raw":{"language":"json"}}},"url":{"raw":"{{url}}/store/order","host":["{{url}}"],"path":["store","order"]}},"response":[]}],"id":"d20b7253-7344-43f3-9548-e839ff7a424f"},{"name":"DELETE","item":[{"name":"Delete purchase order by ID","id":"1af38ee7-d331-4250-86d7-821693759dab","protocolProfileBehavior":{"disableBodyPruning":true},"request":{"method":"DELETE","header":[],"url":{"raw":"{{url}}/store/order/9937","host":["{{url}}"],"path":["store","order","9937"]}},"response":[]}],"id":"d2a9ece1-8203-4d9c-9677-5ad4809dc16b"}],"event":[{"listen":"prerequest","script":{"id":"12ed3d69-655b-4846-89d4-d5bd9f91f358","type":"text/javascript","exec":[""]}},{"listen":"test","script":{"id":"9060361e-ab4c-4425-9961-b656fdb21efe","type":"text/javascript","exec":[""]}}],"variable":[{"id":"bd107da5-b2d3-4fdf-ade7-aa419d150268","key":"url","value":"","type":"string"}]}