{"info":{"_postman_id":"b5cc222e-a76e-40d0-9936-2cfa12029a7b","name":"Pet","schema":"https://schema.getpostman.com/json/collection/v2.1.0/collection.json"},"item":[{"name":"GET","item":[{"name":"Finds pet by status","id":"7bc63b80-19f4-4809-a2bc-b9b17fc5e4bc","protocolProfileBehavior":{"disableBodyPruning":true},"request":{"method":"GET","header":[],"url":{"raw":"{{url}}/pet/findByStatus?status=sold,pending","host":["{{url}}"],"path":["pet","findByStatus"],"query":[{"key":"status","value":"sold,pending"}]}},"response":[]},{"name":"Find pet ID ","id":"ad3fa970-b170-4c6e-9b7f-6aa7c7397910","protocolProfileBehavior":{"disableBodyPruning":true},"request":{"method":"GET","header":[],"url":{"raw":"{{url}}/pet/230222999","host":["{{url}}"],"path":["pet","230222999"]}},"response":[]}],"id":"40b9ee20-1fdf-46a2-b0ae-fbaf6ec5c04d"},{"name":"POST","item":[{"name":"Add new pet ","id":"d1f46619-f8d1-4b47-8e7e-1ed3a0ab16d0","protocolProfileBehavior":{"disableBodyPruning":true},"request":{"method":"POST","header":[],"body":{"mode":"raw","raw":"{\r\n  \"id\": 230222999,\r\n  \"category\": {\r\n    \"id\": 230222999,\r\n    \"name\": \"cat\"\r\n  },\r\n  \"name\": \"musik\",\r\n  \"photoUrls\": [\r\n    \"string\"\r\n  ],\r\n  \"tags\": [\r\n    {\r\n      \"id\": 230222999,\r\n      \"name\": \"cat\"\r\n    }\r\n  ],\r\n  \"status\": \"available\"\r\n}","options":{"raw":{"language":"json"}}},"url":{"raw":"{{url}}/pet","host":["{{url}}"],"path":["pet"]}},"response":[]},{"name":"Upload an image ","id":"34d4e53d-2397-427d-bdd9-c3bedc67dda7","protocolProfileBehavior":{"disableBodyPruning":true},"request":{"method":"POST","header":[],"body":{"mode":"formdata","formdata":[{"key":"additionalMetadata","value":"image.jpg","type":"text"},{"key":"file","type":"file","src":"zJr4UMSkf/1.jpg"}]},"url":{"raw":"{{url}}/pet/230222999/uploadImage","host":["{{url}}"],"path":["pet","230222999","uploadImage"]}},"response":[]},{"name":"Updates a pet in the store with from data","id":"fdfb0326-fe83-49fa-8107-e6f57a3b950f","protocolProfileBehavior":{"disableBodyPruning":true},"request":{"method":"POST","header":[],"body":{"mode":"urlencoded","urlencoded":[{"key":"name ","value":"Kusik","type":"text"},{"key":"status","value":"sold","type":"text"}]},"url":{"raw":"{{url}}/pet/230222999","host":["{{url}}"],"path":["pet","230222999"]}},"response":[]}],"id":"3f678416-4cad-4239-97e0-f921b992fb06"},{"name":"PUT","item":[{"name":"Update an pet","id":"f072965e-922e-40cf-a5fc-f2117ad4ea94","protocolProfileBehavior":{"disableBodyPruning":true},"request":{"method":"PUT","header":[],"body":{"mode":"raw","raw":"{\r\n  \"id\": 230222999,\r\n  \"category\": {\r\n    \"id\": 230222999,\r\n    \"name\": \"cat\"\r\n  },\r\n  \"name\": \"Kusik\",\r\n  \"photoUrls\": [\r\n    \"string\"\r\n  ],\r\n  \"tags\": [\r\n    {\r\n      \"id\": 230222999,\r\n      \"name\": \"cat\"\r\n    }\r\n  ],\r\n  \"status\": \"available\"\r\n}","options":{"raw":{"language":"json"}}},"url":{"raw":"{{url}}/pet","host":["{{url}}"],"path":["pet"]}},"response":[]}],"id":"35a4eb9a-f60b-461f-8b38-8921066cee03"},{"name":"DELETE","item":[{"name":"Deletes a pet","id":"54980f9a-af1c-4942-bd4e-9726796fad92","protocolProfileBehavior":{"disableBodyPruning":true},"request":{"method":"DELETE","header":[{"key":"api_key","value":"special_key","type":"text"}],"url":{"raw":"{{url}}/pet/230222999","host":["{{url}}"],"path":["pet","230222999"]}},"response":[]}],"id":"b21c271c-c7c4-4aa3-bc45-a6b547241a45"}],"event":[{"listen":"prerequest","script":{"id":"a543866d-5e6f-464f-b34b-5f1599ba4ed9","type":"text/javascript","exec":[""]}},{"listen":"test","script":{"id":"d1c213e3-377f-4959-bec6-3f9cb93ee166","type":"text/javascript","exec":[""]}}],"variable":[{"id":"b9e8c16e-8016-4c03-a657-7af3f5383519","key":"url","value":"","type":"string"}]}