{"info":{"_postman_id":"c0fd4db3-7671-4788-81ac-22f5a23cac7d","name":"Дополнение к Заданию 1","schema":"https://schema.getpostman.com/json/collection/v2.1.0/collection.json"},"item":[{"name":"Check status cod after delete","item":[{"name":"Add new pet","id":"7923e14a-50b8-483b-87a3-de6fa0e3596b","protocolProfileBehavior":{"disableBodyPruning":true},"request":{"method":"POST","header":[],"body":{"mode":"raw","raw":"{\r\n  \"id\": 230222999,\r\n  \"category\": {\r\n    \"id\": 230222999,\r\n    \"name\": \"cat\"\r\n  },\r\n  \"name\": \"musik\",\r\n  \"photoUrls\": [\r\n    \"string\"\r\n  ],\r\n  \"tags\": [\r\n    {\r\n      \"id\": 230222999,\r\n      \"name\": \"cat\"\r\n    }\r\n  ],\r\n  \"status\": \"available\"\r\n}","options":{"raw":{"language":"json"}}},"url":{"raw":"{{url}}/pet","host":["{{url}}"],"path":["pet"]}},"response":[]},{"name":"Check status cod after delete","id":"a18578fe-ae1b-49c9-ac04-806404294e95","protocolProfileBehavior":{"disableBodyPruning":true},"request":{"method":"GET","header":[],"url":{"raw":"{{url}}/pet/230222999","host":["{{url}}"],"path":["pet","230222999"]}},"response":[]},{"name":"Deletes a pet","id":"0d1f4f4d-d539-4fd5-abfc-53798e364abd","protocolProfileBehavior":{"disableBodyPruning":true},"request":{"method":"DELETE","header":[{"key":"api_key","value":"special_key","type":"text"}],"url":{"raw":"{{url}}/pet/230222999","host":["{{url}}"],"path":["pet","230222999"]}},"response":[]},{"name":"Check status cod after delete","id":"453d1936-3e54-49be-85a9-5ecee860465d","protocolProfileBehavior":{"disableBodyPruning":true},"request":{"method":"GET","header":[],"url":{"raw":"{{url}}/pet/230222999","host":["{{url}}"],"path":["pet","230222999"]}},"response":[]}],"id":"bbb48ec4-e189-46f2-aa2b-f834209c53a9"},{"name":"Creates list of users","item":[{"name":"Creates list of users","id":"4deaa14f-b2a0-422c-be37-314c590c59f7","protocolProfileBehavior":{"disableBodyPruning":true},"request":{"method":"POST","header":[],"body":{"mode":"raw","raw":"[\r\n {\r\n  \"id\": 665,\r\n  \"username\": \"doctorzhivago9\",\r\n  \"firstName\": \"doctor9\",\r\n  \"lastName\": \"zhivago9\",\r\n  \"email\": \"doctorzhivago9@mail.ru\",\r\n  \"password\": \"12\",\r\n  \"phone\": \"+9897592\",\r\n  \"userStatus\": 0\r\n },\r\n {\r\n  \"id\": 667,\r\n  \"username\": \"doctorzhivago2\",\r\n  \"firstName\": \"doctor2\",\r\n  \"lastName\": \"zhivago2\",\r\n  \"email\": \"doctorzhivago2@mail.ru\",\r\n  \"password\": \"12\",\r\n  \"phone\": \"+9897526\",\r\n  \"userStatus\": 0\r\n },\r\n {\r\n  \"id\": 668,\r\n  \"username\": \"doctorzhivago3\",\r\n  \"firstName\": \"doctor3\",\r\n  \"lastName\": \"zhivago3\",\r\n  \"email\": \"doctorzhivago3@mail.ru\",\r\n  \"password\": \"12\",\r\n  \"phone\": \"+98975275\",\r\n  \"userStatus\": 0\r\n },\r\n {\r\n  \"id\": 669,\r\n  \"username\": \"doctorzhivago4\",\r\n  \"firstName\": \"doctor4\",\r\n  \"lastName\": \"zhivago4\",\r\n  \"email\": \"doctorzhivago4@mail.ru\",\r\n  \"password\": \"12\",\r\n  \"phone\": \"+9897545542\",\r\n  \"userStatus\": 0\r\n },\r\n {\r\n  \"id\": 664,\r\n  \"username\": \"doctorzhivago5\",\r\n  \"firstName\": \"doctor5\",\r\n  \"lastName\": \"zhivago5\",\r\n  \"email\": \"doctorzhivago5@mail.ru\",\r\n  \"password\": \"12\",\r\n  \"phone\": \"+9897554542\",\r\n  \"userStatus\": 0\r\n }\r\n\r\n\r\n] ","options":{"raw":{"language":"json"}}},"url":{"raw":"{{url}}/user/createWithArray","host":["{{url}}"],"path":["user","createWithArray"]}},"response":[]}],"id":"ffa88c9c-df7e-4857-901d-389e3a281c95"},{"name":"Create pet with random values","item":[{"name":"Add new pet with random name","id":"b9df9e18-62c4-4f64-b95e-83b0f8563270","protocolProfileBehavior":{"disableBodyPruning":true},"request":{"method":"POST","header":[],"body":{"mode":"raw","raw":"{\r\n  \"id\": 230222999,\r\n  \"category\": {\r\n    \"id\": 230222999,\r\n    \"name\": \"cat\"\r\n  },\r\n  \"name\": \"{{$randomFirstName}}\",\r\n  \"photoUrls\": [\r\n    \"string\"\r\n  ],\r\n  \"tags\": [\r\n    {\r\n      \"id\": 230222999,\r\n      \"name\": \"cat\"\r\n    }\r\n  ],\r\n  \"status\": \"available\"\r\n}","options":{"raw":{"language":"json"}}},"url":{"raw":"{{url}}/pet","host":["{{url}}"],"path":["pet"]}},"response":[]}],"id":"2057f32d-5274-4940-aa30-6b3e37a0b1cd"}],"event":[{"listen":"prerequest","script":{"id":"dce17886-7653-438c-8e13-76432e6333a9","type":"text/javascript","exec":[""]}},{"listen":"test","script":{"id":"44498570-c66b-4a0e-bc9e-f7a539af7716","type":"text/javascript","exec":[""]}}],"variable":[{"id":"e2406b9c-30ce-4b3c-a9ec-c930d698d16f","key":"url","value":"","type":"string"}]}