{"info":{"_postman_id":"d68d458d-58c9-4695-bd46-3d1303693e46","name":"Creating the collection using WSDL","schema":"https://schema.getpostman.com/json/collection/v2.1.0/collection.json"},"item":[{"name":"Information about country","id":"4e082331-fb1e-45a1-9546-40053b117d6b","protocolProfileBehavior":{"disableBodyPruning":true},"request":{"method":"POST","header":[{"key":"Content-Type","value":"text/xml","type":"text"}],"body":{"mode":"raw","raw":"<Envelope xmlns=\"http://schemas.xmlsoap.org/soap/envelope/\">\r\n    <Body>\r\n        <FullCountryInfo xmlns=\"http://www.oorsprong.org/websamples.countryinfo\">\r\n            <sCountryISOCode>FR</sCountryISOCode>\r\n        </FullCountryInfo>\r\n    </Body>\r\n</Envelope>","options":{"raw":{"language":"xml"}}},"url":{"raw":"http://webservices.oorsprong.org/websamples.countryinfo/CountryInfoService.wso?WSDL","protocol":"http","host":["webservices","oorsprong","org"],"path":["websamples.countryinfo","CountryInfoService.wso"],"query":[{"key":"WSDL","value":null}]}},"response":[]},{"name":"Contry's currency","id":"fcd9948c-1098-4366-86df-d714cb2e5afb","protocolProfileBehavior":{"disableBodyPruning":true},"request":{"method":"POST","header":[{"key":"Content-Type","value":"text/xml","type":"text"}],"body":{"mode":"raw","raw":"<Envelope xmlns=\"http://schemas.xmlsoap.org/soap/envelope/\">\r\n    <Body>\r\n        <CountryCurrency xmlns=\"http://www.oorsprong.org/websamples.countryinfo\">\r\n            <sCountryISOCode>FR</sCountryISOCode>\r\n        </CountryCurrency>\r\n    </Body>\r\n</Envelope>","options":{"raw":{"language":"xml"}}},"url":{"raw":"http://webservices.oorsprong.org/websamples.countryinfo/CountryInfoService.wso?WSDL","protocol":"http","host":["webservices","oorsprong","org"],"path":["websamples.countryinfo","CountryInfoService.wso"],"query":[{"key":"WSDL","value":null}]}},"response":[]},{"name":"Language information","id":"80d046a0-e2da-4a38-ac83-5e1b132e4563","protocolProfileBehavior":{"disableBodyPruning":true},"request":{"method":"POST","header":[{"key":"Content-Type","value":"text/xml","type":"text"}],"body":{"mode":"raw","raw":"<Envelope xmlns=\"http://schemas.xmlsoap.org/soap/envelope/\">\r\n    <Body>\r\n        <LanguageName xmlns=\"http://www.oorsprong.org/websamples.countryinfo\">\r\n            <sISOCode>FR</sISOCode>\r\n        </LanguageName>\r\n    </Body>\r\n</Envelope>","options":{"raw":{"language":"xml"}}},"url":{"raw":"http://webservices.oorsprong.org/websamples.countryinfo/CountryInfoService.wso?WSDL","protocol":"http","host":["webservices","oorsprong","org"],"path":["websamples.countryinfo","CountryInfoService.wso"],"query":[{"key":"WSDL","value":null}]}},"response":[]}]}